,title,score,id,url,num_comments,body,created
0,Our justice system is broken?,1793,13rc2x0,https://i.redd.it/2i041y8gdz1b1.jpg,672,,1685003824.0
1,China announces new Covid variant. Y‚Äôall ready for another round?,417,13rjky7,https://i.redd.it/jdiygs9c612b1.jpg,241,,1685025638.0
2,"Sudden Infant Death Syndrome... because infants die suddenly sometimes, for no reason",542,13rf3pz,https://i.redd.it/u9xw4o3p602b1.jpg,340,,1685013830.0
3,"Under Elon Musk, Twitter has approved 83% of censorship requests by authoritarian governments",65,13rn9tu,https://english.elpais.com/international/2023-05-24/under-elon-musk-twitter-has-approved-83-of-censorship-requests-by-authoritarian-governments.html,74,,1685034418.0
4,"US Default=Chaos & Violence Unleashed! Corporations Will Reclaim Control, Small Businesses & Workers Left to Perish. Look at how bad things are now. Imagine how bad they will be when we run out of money. This won't be your 1920s Great Depression. It will be a lot more violent and ugly. You prepared?",385,13r87u9,https://i.redd.it/pyif95v0qw1b1.png,221,,1684990166.0
5,Seems like a good case for more guns,1313,13qzit5,https://i.postimg.cc/hPFn6Hxf/CC52867-C-0-E7-D-4160-982-F-DED95-BAB776-C.jpg,581,,1684966399.0
6,"While you're distracted by Germany going into a recession, remember to keep an eye on the IHR and Pandemic Treaty, because",121,13rd0n9,https://i.redd.it/81gyy2aknz1b1.jpg,22,,1685007215.0
7,Has anyone put this together yet?,33,13rlv5c,https://www.reddit.com/r/conspiracy/comments/13rlv5c/has_anyone_put_this_together_yet/,19,"The conspiracy theory about Chris Cornell‚Äôs death being due to the human trafficking ‚Äúdocumentary‚Äù he and Chester and Avicii were working on‚Ä¶.
Well, this theory can connect Chris‚Äô death to Epstein‚Ä¶..
It starts with Heidi Klum‚Ä¶.
She was on the Epstein flight logs‚Ä¶.
She divorced the singer Seal‚Ä¶
Because Heidi started seeing her ‚Ä¶BODYGUARD! She even married him!
His name was ‚Ä¶..Martin Kirsten!
Not hard to assume that since Heidi was there‚Ä¶so would her hubby‚Ä¶a highly skilled mercenary‚Ä¶.
Now remember when Kanye talked about the top celebrities having ‚Äúhandlers‚Äù‚Ä¶
Google who found Chris Cornell‚Äôs body‚Ä¶.
That‚Äôs right! Martin Kirsten! 
He was Chris‚Äô ‚Äúbodyguard ‚Äú or ‚Äúhandler‚Äù at the time‚Ä¶.
You can say whatever all you want BUT I stated only facts and was able to solidly connect the dots‚Ä¶..",1685031111.0
8,Based on my observations: the amphibian population is destroyed and nobody seems to care.,378,13r5od6,https://www.reddit.com/r/conspiracy/comments/13r5od6/based_on_my_observations_the_amphibian_population/,185,"I think it's from mass use of pesticides? That Ohio chemical spill was a hot topic for a few weeks, but seems mostly forgotten now, probably also has to do with things like that, just fucking up streams and rivers and ponds with chemicals. 


I'm kinda old.... So sit right down and I'll tell you a tale. Back in the day, actually fairly recently, just a few decades ago: there were frogs and toads EVERYWHERE all the time. 


About this time of year you'd see little baby toads about the size of a marble literally everywhere. You'd accidentally step on them in your driveway. If you had window wells, there would be like 30+ toads stuck in it at any given time other than the winter. 


Was made fun of back in the day for being ""nature boy"" hah, like as an insult. But I was the type of kid who noticed and was interested in things like how many toads were stuck in a window well. 


Great Uncle and I used to call them ""kamikaze frogs"" (which probably isn't cool to say now) because when you would drive at night when it was raining: the road was covered with hundreds of toads and frogs hopping all around everywhere, and they didn't seem to give a shit about getting run over. I remember counting up to like 600 once.  

So thanks for reading my rant, and the conspiracy is: so many people have been conditioned to be like ""oh wow, there aren't as many fuckin toads around anymore? boo hoo"". I am no professional ecologist or anything, but that seems to be a really bad sign of us totally fucking up the environment.",1684982480.0
9,"U-Haul, Nazi flag guy‚Äôs charges suddenly downgraded from attempted murder of president to mere vandalism.",1059,13qxjw2,https://i.redd.it/56599qc4xv1b1.jpg,311,,1684962003.0
10,Experts Baffled. British Heart Foundation : 50% rise in Atrial Fibrillation condition over the past 2 years.,34,13riun8,https://rumble.com/v2pthn4-astonishing-rise-in-abnormal-heart-rhythms.html,17,,1685023841.0
11,"The Great Pyramid of Giza depicted the measurements of the Earth 2,310 years before it was first measured",279,13r4jsc,https://www.reddit.com/r/conspiracy/comments/13r4jsc/the_great_pyramid_of_giza_depicted_the/,149,"The length of the night and day on an equinox is 43,200 seconds.

The height of the pyramid x 43,200 = 3,938.685 miles (That is within 11 miles of the polar radius of the planet. 99.7% accurate).

The perimeter of the base of the pyramid x 43,200 = 24,734.94 miles (That‚Äôs the Earths circumference at the equator within 99.3% accuracy).

It is aligned within 1/15 of a degree of true north.

The base of the pyramid is leveled within ¬æ of an inch.

Each side is within 2 inches of the other sides. 99.98% accurate.

The ratio of the slant height of pyramid to half the base dimension is 1.61804, the Golden Ratio is  1.618033.

The line of latitude at 29.9792458¬∞N passes through the pyramid, which is the speed of light. While it could be a coincidence, it's interesting considering all the other things the pyramid depicts.

The great pyramid was built over 4,000 years ago around 2500 B.C.

It is comprised of 2.3 million blocks averaging 5,500 lbs. each.

The heaviest blocks weigh up to 80 tons and were transported over 500 miles to the pyramid.

I also have another conspiracy to share that's based on my personal life and something I created. I made a YouTube video and 42 page document (Linked in the description) that goes into detail and contains proof of the conspiracy, but if you're going to dive into it, it's important you watch the whole video and review the entire document. (The document shows proof of contact with a divine being, them telling me my future, and a lot more) - [https://www.youtube.com/watch?v=-flQ7vuktK4](https://www.youtube.com/watch?v=-flQ7vuktK4)

&#x200B;

https://preview.redd.it/q7r953hw9x1b1.jpg?width=1179&format=pjpg&auto=webp&v=enabled&s=4f9aa933121cf672f21438bfd5581a3bfe324ab8

&#x200B;

https://preview.redd.it/680aypez9x1b1.jpg?width=1562&format=pjpg&auto=webp&v=enabled&s=78a41d19b57ad6f8bbd02bc88ea0711ef74e3e3a

https://preview.redd.it/lyuu8pez9x1b1.png?width=620&format=png&auto=webp&v=enabled&s=53c4af52a404dd780e81262474d403271db2c14b

https://preview.redd.it/q6ikspez9x1b1.jpg?width=600&format=pjpg&auto=webp&v=enabled&s=6759f2ce8212b1c5f459773d215915a02de39182

https://preview.redd.it/j3socp5t9x1b1.jpg?width=1920&format=pjpg&auto=webp&v=enabled&s=0b655ee14f616ebd57af1313226d89d50830e286

&#x200B;

[https://www.youtube.com/watch?v=G2zi0Bom8uU&t=1s](https://www.youtube.com/watch?v=G2zi0Bom8uU&t=1s)",1684979283.0
12,Caviezel says Epstein‚Äôs island isn‚Äôt the only one like that,1206,13qrbie,https://www.reddit.com/r/conspiracy/comments/13qrbie/caviezel_says_epsteins_island_isnt_the_only_one/,329,"Interesting article, not as in depth as I‚Äôd like but now searching for war room interview. More child trafficking being covered up by media and central bank?

https://www.lifesitenews.com/news/jim-caviezel-blows-lid-off-child-trafficking-epstein-island-hollywood-in-steve-bannon-interview/",1684947990.0
13,This is the guy who funded EcoHealth which created Covid-19 in the Wuhan Lab‚Ä¶ He‚Äôs also the guy that made billions off the Covid-19 vaccines and had reps in the NIH suppressing Ivermectin/HCQ to get emergency use authorization for the vaccines.,168,13r6eyr,https://i.redd.it/pk5fd1dasx1b1.png,61,,1684984599.0
14,They need to get that gene therapy into every nook and cranny somehow...,42,13rdpr6,https://i.redd.it/ig8cpj8fuz1b1.jpg,49,Source: https://twitter.com/JunkScience/status/1661374563425435652?t=SSLXh9m_UUxJehSBuv_SrA&s=19,1685009522.0
15,"The Antarctic Treaty. what's the deal with it? I mean do they honestly think that we're supposed to believe that every major Country on earth signed a contract just to protect penguins with military equipment and army forces in general, so no one could go there (except few places)",30,13rf7g9,https://www.reddit.com/r/conspiracy/comments/13rf7g9/the_antarctic_treaty_whats_the_deal_with_it_i/,37,,1685014144.0
16,Fuck around and find jail? - Oath Keepers founder Stewart Rhodes sentenced to 18 years for seditious conspiracy in Jan. 6 attack,11,13ro93w,https://apnews.com/article/stewart-rhodes-oath-keepers-seditious-conspiracy-sentencing-b3ed4556a3dec577539c4181639f666c,41,,1685036736.0
17,"Here is Chan Thomas in 1980 UFO Syndrome documentary, connecting the dots between ancient megaliths and advanced aerial vehicles. Terrorists stole Ammoniam Nitrate? Can you take your kid near Red Pyramid or Bent Pyramid? No. Because of ammonia.",11,13rm67v,https://i.redd.it/ibxtmoio602b1.png,3,,1685031835.0
18,"Widespread addiction is deliberately cultivated for seemingly tame pasttimes (caffeine, overeating, social media, gaming, etc.) to make the populace too weak to mount an effective revolution. Our near-constant cravings for comfort and affirmation keep us from ever dissenting, which is by design.",307,13qzus8,https://www.reddit.com/r/conspiracy/comments/13qzus8/widespread_addiction_is_deliberately_cultivated/,49,"It's not just that we're a nation (or world even) of overeating social media junkies.  It's that those in power like us this way because it keeps us from ever becoming threatening.  Asceticism would be the only true way to break the chains of consumerism, but we are conditioning ourselves to never want to be uncomfortable enough to have something like that work.  Hence the plutocrats stay in power.",1684967119.0
19,Proof that the CIA covered up the JFK assassination?,18,13rg3wn,https://www.reddit.com/r/conspiracy/comments/13rg3wn/proof_that_the_cia_covered_up_the_jfk/,30,"Recently, i‚Äôve been doing my due diligence on the Kennedy conspiracy. I‚Äôm not a conspiracy theorist, but after looking into the death of MLK, I thought I should look into the JFK conspiracy.

I know the basics, such as the Magic Bullet, the motorcycles audio recording, etc, but I am somewhat confused. I‚Äôve heard of the CIA hiding tapes and covering up evidence surrounding the conspiracy, which would solidify it as true for me, but i‚Äôve yet to actually find anything actually proving that. 

Could somebody give me an example of the CIA doing this?",1685016730.0
20,Is the US Government Hiding Evidence of Alien Abductions? | Coast to Coast PM,4,13rpj5h,https://coasttocoastpm.podbean.com/e/ep-53-is-the-us-government-hiding-alien-abductions/,3,,1685039783.0
21,"Oct 2021, CNN ""journalist"" asks Dr Buttar ‚ÄúI‚Äôm vaccinated. You think there is a ticking time bomb in me and I‚Äôm going to die?‚Äù. 14 months later the CNN anchor dies.",128,13r0jk2,https://twitter.com/unhealthytruth/status/1661273949135687681?fbclid=IwAR2QjbQfIgNHbBX7vc-fddiIfmPyCzj5C5NrUuYxPOf5-uV2LcuenJ4BVU0,168,,1684968674.0
22,Vaccines did not save us,87,13r3p2d,https://i.imgur.com/aNlaOye.jpg,67,,1684976910.0
23,"Discussion of witches/witch trials rarely give specifics on the PRACTICAL reasons people were considered witches. What actual (harmful) behaviors did they exhibit other than cliched statements like, ""guilty of practicing witchcraft"".",5,13rlvge,https://www.reddit.com/r/conspiracy/comments/13rlvge/discussion_of_witcheswitch_trials_rarely_give/,12,"> ""However, prosecutions for the practice of witchcraft would only reach a highpoint from 1560 to 1630[4][5] during the Counter-Reformation and the European wars of religion, with some regions burning those who were convicted at the stake, of whom roughly 80% were women,[6], mostly over the age of 40.""

[wiki link](https://en.wikipedia.org/wiki/Witch_trials_in_the_early_modern_period)



I've seen hundreds of definitions. For example one I recently saw:

>""A witch is a person who, though cognizant of the laws of God, endeavors to act through the medium of a pact with the Devil.""

>From the film *The Ninth Gate*.


Or even just as simple as a person who ""casts spells"" (negativity) that ultimately harm the community or innocent people. Like gossip, or posting something on social media that causes great harm to a family, the community, or the state. Propagating lies in the media to sow division, discord and anger whenever possible.

Did the witches back in the seventeenth century deserve their fate? What were they doing (more specific than ""practicing witchcraft) that caused great harm?

And do witches exist today? And if they do exist, how are they affecting things in a practical sense. I mean, if a bunch of billionaires conduct a black mass in 2023, what exactly are the effects of such an event. And are they considered witches? And is there anything wrong with that?

Or if an old bitty blurts-out something untrue about the groom during a wedding ceremony, an action that would not only ruin the wedding but have long lasting (harmful) affects on the family down the road, maybe leading to a divorce or worse.

Would that or anything similar be considered a casted spell? Is the ""bitty"" a modern witch if she exhibits such behaviors on the regular? 

Would a person like that be burned at the stake in the 1600's? What did those witches do that was so horrible? 

I went in a circle there, only trying to make practical sense of something that actually happened, and looking for reasons why witch hunts even took place, *other* than the religious hysteria angles that I am fully aware of. Thank you.",1685031134.0
24,Lab grown meat,5,13rn3qh,https://www.reddit.com/r/conspiracy/comments/13rn3qh/lab_grown_meat/,7,Anyone noticed chicken and beef is strange these days? Just cooked up cube steaks and‚Ä¶. Hmmmmm,1685034039.0
25,Whats up with everyone's inability to even accept another opinion?,94,13r289o,https://www.reddit.com/r/conspiracy/comments/13r289o/whats_up_with_everyones_inability_to_even_accept/,105,"I made a post about a video game mode and how it's best not to use a function which allows you to lose progress, as I found it makes the game drastically less fun.

Here were the replies

""How about you mind your own business?""

""That's just your opinion let people have fun""

""How about let people play the way they want to play""

Basically variations of that. I notice this everywhere such as some people criticising Ted Lasso's latest season and others are going crazy about it being criticised, as though they had a hand in making the show.

I genuinely feel most people today aren't capable of even hearing other, differing opinions, whereas 10-20 years debating different opinions and interests was one of the joys of life.

I'm genuinely worried for the future as all media is slowly becoming more and more non-offensive with little to no provocative aspect whatsoever. It makes me sad a whole generation not only doesn't have the ability to challenge pre-existing notons, but actually feels pained by others doing so. This has to be by design...",1684972887.0
26,The best part of being a conspiracy theorist is NOT having myocarditis!,129,13qzb92,https://www.reddit.com/r/conspiracy/comments/13qzb92/the_best_part_of_being_a_conspiracy_theorist_is/,242,"Am i right? :D  

Fortunately, we are healthy, unlike the millions of people facing health issues worldwide. The side effects of the V are more prevalent than we tend to acknowledge. 

However, it appears that people have been heavily influenced, aka BRAINWASHED and remain unaware that these side effects are a result of the V.",1684965927.0
27,Eyes wide shut real ending?,61,13r3xhz,https://www.reddit.com/r/conspiracy/comments/13r3xhz/eyes_wide_shut_real_ending/,30,"&#x200B;

[Found this in this sub, its clearly fake..or not?](https://preview.redd.it/8f4n0tda7x1b1.jpg?width=640&format=pjpg&auto=webp&v=enabled&s=19e72b4269162c4008f7a9f07e8c1632af318ff6)",1684977554.0
28,Norway warns civilians to stay away from Russian spy whale,3,13rlt63,https://www.dailymail.co.uk/news/article-12123337/Norway-warns-civilians-stay-away-Russian-spy-whale.html,5,,1685030980.0
29,"Support ""The REINS Act"" - taking power away from unelected bureaucrats",12,13rd4eo,https://www.reddit.com/r/conspiracy/comments/13rd4eo/support_the_reins_act_taking_power_away_from/,2,"This is what Congress is supposed to be doing anyway, but they have strayed so far that they need to pass legislation to force them to do their jobs and be held accountable. This act prevents unelected bureaucrats from implementing oppressive rules by fiat.

The REINS Act would require Congress to approve any federal rule or regulation the Office of Management and Budget determines to have an economic impact of $100 million or more according to before it is imposed on the American people

Video of the MarkUp Hearing: https://www.youtube.com/watch?v=ZqS4mQ7sb8Y",1685007569.0
30,What if black holes are just portals to another 'place'?,7,13rg95i,https://www.reddit.com/r/conspiracy/comments/13rg95i/what_if_black_holes_are_just_portals_to_another/,25,"Whatever place may mean in this context maybe another galaxy or somewhere else in the vast space, maybe totally different and unknown place that we dont know yet like.. minecraft or portal2 games.. it may sound childish but idk 

Maybe blackholes are just somehow connected to each others so going in one black hole may take u to the other side of the galaxy where another black holes lays 

Anyone have thought of this as possibility or?",1685017140.0
31,GameStop‚Äòs Ryan Cohen now seems to be the ‚Äúcontroversial figure‚Äù in a way you wouldn‚Äôt have thought we‚Äôd get.,35,13r6unp,https://www.reddit.com/r/conspiracy/comments/13r6unp/gamestops_ryan_cohen_now_seems_to_be_the/,25,"I‚Äôll try to get to the point by explaining the conspiracy in general terms.

I‚Äòm sure many apes are present on this sub already, but for those who don‚Äòt know:

The well-known video game retailer GameStop and its investors‚Äò financial involvement in the stock market have built a foundation for something you could call a class war. For about three years now the investor base has been uncovering and discussing a diverse number of financial crimes committed by the ‚Äúelite‚Äù that strike at the very heart of every tax paying citizen‚Äòs wallet.

In the community‚Äôs view, many of these crimes have been happening for decades and have always required a conspiracy between politicians and the world‚Äôs top financial influencers. In my personal view, these crimes are also a strong and clever contributor to the ‚ÄúGreat Reset‚Äù which involves, among other things, turning the majority of the developed world poor not only in body and spirit, but also in material possessions.

The details about these crimes are rather complex, but it involves excessive short-selling of company stock, abuse of one‚Äôs position as a ‚Äúmarket maker‚Äù, bribery of politicians, propaganda through media outlets, market manipulation and many more, leading investors to understand that the foundation of our global markets is a giant Ponzi scheme. 

To counter these happenings, the investors have found alternative ways of investment which lead to actual ownership of their shares and remove ammunition from the opposition‚Äôs manipulating attacks. (See DRS)

There are a few seemingly good people in this saga whose influence is so dominant that they might have the potential to trigger a major catastrophic event in regards to our global financial markets. This kind of catastrophe seems inevitable and could involve hyper inflation as well as an extreme disturbance to, if not destruction of, global trading routes and access to water and energy supplies etc.
One of the people in question is Ryan Cohen, the current chairman of GameStop.

Ryan Cohen has always been viewed as one of the heroes of this saga with people calling him a ‚Äúwhite knight‚Äù and ‚Äúsavior‚Äù among other things, because there was (and still is) reason to believe that he strives for his company‚Äôs growth and supports not just the traditional household investors‚Äô rights, but those of common citizens as well.

Just recently has it turned out that, among a multitude of cryptic and mysterious tweets, Ryan Cohen might hold a few, what the postmodernists would call right-wing conservative extremist views. We of course know better than to throw around broad political terms, but the point is that this must‚Äôve come as a surprise to many of his followers, as he was verbally feasted upon shortly after each and every one of his vague, controversial statements.

I myself don‚Äôt see an issue with Ryan‚Äôs statements. They generally go something along the lines of ‚ÄúThe people in power are working to destroy you‚Äù or ‚ÄúCompanies shouldn‚Äôt take a position on social issues‚Äù.
I generally got the feeling that he tried to show his followers the amount of filters that information go through before they reach the public, and that therefore we shouldn‚Äôt hastily come to conclusions about reality if those are based on said information.

A lead theme of the last few years in this finance-oriented community was: The mainstream media will always act in their own interest or that of their superior, never in the interest of the informees.
Why then does that view not apply on several other topics outside of the financial world?

So - is a vast majority of people still not ready to question the powers that be? Not ready for an authentic seeking of truth? Or is this a coordinated effort to produce the fake image of major disagreement? What do you guys think? Let me know down below.",1684985897.0
32,The editor-in-chief of The Atlantic is the journalist primarily responsible for deceiving the American public into the Iraq War,53,13r3mex,https://twitter.com/KanekoaTheGreat/status/1661129151330521088,9,,1684976704.0
33,Jeffrey Epstein Tried to Use Sexual Blackmail Against Bill Gates,2,13rq210,https://youtu.be/Hs4pv51WqzE,2,Still think vaccines are the way to arrest or can we start spending our energy following up on stuff like this.,1685040992.0
34,"In 1967, Martin Luther King Jr. wrote a book called ""Where Do We Go from Here: Chaos or Community."" One of the most important books ever written. He calls out the MIC, the bankers, the ultra-rich elites, and he destroys the NWO False Dichotomy of capitalism vs Communism. Genius. Then CIA killed him",580,13qjh20,https://i.redd.it/cdi4arfwpr1b1.jpg,125,,1684929470.0
35,Human trafficing in Turkey after earth quake,2,13rpcn4,https://amsterdamfox.com/news/5-year-old-turkish-boy-who-said-he-was-an-earthquake-victim-was-found-alone-in-the-netherlands/,3,"I strongly believe that there are thousands of them, those children would be in secure if the government released soldiers and polices within 24 hours, they just left these childern unprotected, but why?, even right after earth quake so many cases were rumoured about some kidnappings, but neither media nor government took it serious why?. Where are these children and how can we rescue them?",1685039357.0
36,possible electroculture reference in Billy Shears/Paul McCartney 2.0 painting,3,13roxuy,https://www.reddit.com/r/conspiracy/comments/13roxuy/possible_electroculture_reference_in_billy/,1,"this vid goes into the painting on the ""egypt station"" album.  load the vid up on youtube but don't play it, to see the painting.  note the ""tree"" which looks like a yagi antennae with an array of lines at the top - this looks very much like an electroculture antenna design.

https://www.youtube.com/watch?v=4l-Uxq_-tdw

i'd also note that the book, ""memoirs of billy shears"", which has driven a lot of this newfound interest in the Paul Is Dead theory, is full of detail on various esoteric topics, and accurately so too, which is even rarer.  

anyway, it looks like there's an intimation of free energy tech that goes as far back as the ancient egyptians, in this specific painting.

for a primer on electroculture go here - https://www.youtube.com/watch?v=peNdA9PJRK0",1685038374.0
37,"FBI abused spy law but only like 280,000 times in a year",1100,13qe5w1,https://www.theregister.com/2023/05/22/fbi_fisa_abuse/,100,,1684911789.0
38,The USA is officially one week away from defaulting on its debt. There are three options. One. Default and our empire ends. Two. Raise the debt ceiling again and dig our hole deeper. Three. End the USD and convert to a digital currency such as FedNow which will control every single transaction.,389,13qk7fy,https://www.reddit.com/r/conspiracy/comments/13qk7fy/the_usa_is_officially_one_week_away_from/,761,"What do you consider to be the best solution for the future of the USA and American citizens?

The world has finally caught on to the fact that our ‚Äúfloating USD currency‚Äù created by Bretton Woods in 1971 under Nixon after removing the USD from the gold standard has no backing whatsoever and the unlimited printing of the USD by the unaudited and unregulated Federal Reserve is causing hyperinflation and a total destabilization of our economy. Countless countries including Brazil, Russia, India, China, South Africa, and even France have already begun or are planning to begin abandoning the USD as the global reserve currency and transfer to another source. 

Please provide some insight on potential solutions to our existential problem as hard-working American citizens. 

1. Lock the debt ceiling, default on our debt, and suffer the fall of our empire now?
OR
2. Raise the debt ceiling again, dig a deeper hole, and just extend the inevitable collapse of our empire by a few months to a year?
OR
3. Bankrupt the system. Eliminate the United States Dollar as our currency and convert to a digital currency such as FedNow in an attempt to start from scratch and control every transaction that we make. 

Article:

https://www.reuters.com/markets/us/treasury-confirms-us-default-early-june-1-without-debt-ceiling-hike-2023-05-22/",1684931279.0
39,"Get ready for the vax debate to come back for the election, the bots are strong. Happy to loose over 100 karma in a few hours on worldnews!",82,13qvwv8,https://www.reddit.com/r/conspiracy/comments/13qvwv8/get_ready_for_the_vax_debate_to_come_back_for_the/,57,"**Covid kills one person every four minutes as vaccination rates fall was the headline**

Banned which is common for actually trying to have a conversion. Auto labelled anti-vax for anything against the narrative.

Why do we allow and continue to use reddit is my question? I am not allowed to state my personal experience with people I know who had severe side effects and the vaccine not working to stop the spread.

Are we getting ready to make this a key issue in the next elections? I think yes",1684958246.0
40,Simulation theory and my thoughts relevant to the idea.,6,13rdt0w,https://www.reddit.com/r/conspiracy/comments/13rdt0w/simulation_theory_and_my_thoughts_relevant_to_the/,4,"Uncertainty principle,  an observer forces a measurable reality.

-- like in a video game, frames aren't rendered until your characters' FOV forces it. 

-- mathematical patterns and ratio no greater than 1:11 applicable to every biological and elemental composite. From the atom to the rivers and dried up riverbed of every planet in our solar system.

-- we are scripted characters (npcs/AI) written  to explore and try to solve the mysteries of our game (reality). Nothing more.

-- unable to comprehend or even imagine the nature of our creation. For example; a merchant in the game has no capability of explaining how the computer running the game it resides in works. Or how the hardware was manufactured.

 -- No chance at knowledge of the entity that built the hardware.

-- Our ""code"" (DNA) allows for exploration of our plane of existence, the observable universe. (Game map)

Sorry so short. But I trip out on this.

Edit bonus point; **UFOs that seem to move outside of our physics, behave like someone in God mode, no clipping etc.**

If anyone wants to wear a tinfoil hat and discuss the deeper layer of this, DM me. I know I'm just spitballing, but the internet is cruel and I don't want to get flamed too hard.",1685009830.0
41,Microsoft warns Chinese has hacked US infrastructure,17,13r6ac6,https://www.ft.com/content/0a1831cd-a03c-47a0-ad5d-c0e9cb9dc287,13,,1684984219.0
42,"Epstein had deep ties to the local Democratic party (in the Virgin Islands) that allowed him to remain 'unchecked' in sex-trafficking scheme, JP Morgan claims in court filing",33,13r1ara,https://www.yahoo.com/news/jeffrey-epstein-used-us-virgin-195035166.html,13,,1684970502.0
43,Hunger Games Society: America 2050 Megaregions & High Speed Rails,0,13rnu80,https://www.reddit.com/r/conspiracy/comments/13rnu80/hunger_games_society_america_2050_megaregions/,1,"Put together a bunch of information on Megaregions/ America 2050 with a small focus on Michigan. Would love to know what I missed - and if you are seeing implementation of this plan in your area. 

If anyone has articles on the Wildlands Project they could share -I would like to do a dedicated video on that soon. 

Thank you

[https://www.youtube.com/live/GklPWNoFMDY?feature=share](https://www.youtube.com/live/GklPWNoFMDY?feature=share)

Michelle

Michigan Muckraker",1685035756.0
44,London's Whitehall closed by police after car crashes into Downing Street gates,1,13rmw9x,https://www.reddit.com/r/conspiracy/comments/13rmw9x/londons_whitehall_closed_by_police_after_car/,7,[https://www.bbc.co.uk/news/uk-65714508?at\_bbc\_team=editorial&at\_link\_type=web\_link&at\_ptr\_name=twitter&at\_format=link&at\_link\_id=44B13B08-FB13-11ED-A2AF-5874FF7C7F44&at\_campaign=Social\_Flow&at\_campaign\_type=owned&at\_link\_origin=BBCBreaking&at\_medium=social](https://www.bbc.co.uk/news/uk-65714508?at_bbc_team=editorial&at_link_type=web_link&at_ptr_name=twitter&at_format=link&at_link_id=44B13B08-FB13-11ED-A2AF-5874FF7C7F44&at_campaign=Social_Flow&at_campaign_type=owned&at_link_origin=BBCBreaking&at_medium=social),1685033552.0
45,"France court: Cows ""not favourable for the climate""",53,13qurqh,https://www.connexionfrance.com/article/French-news/Cut-your-cow-numbers-to-help-meet-climate-commitments-France-told,104,,1684955692.0
46,United States Prescription Medication Laws,73,13qpp7k,https://www.reddit.com/r/conspiracy/comments/13qpp7k/united_states_prescription_medication_laws/,94,"In most other countries you can purchase some form of antibiotics, many anti-anxiety, attention deficit, psychiatry, a few pain medications, and other medicines over the counter. In the USA you can hardly buy anything over the counter! There are a few cold/ allergy meds (besides the allergy medicine behind the counter you need to sign for), a few anti-inflammatory pain meds, one or two anti-diarrhea meds, and that almost sums it up. And it seems they are slowly attempting to remove these medicines from the shelves too. The rest of the medicines are controlled and difficult to get even from the doctors and psychiatrists office most of the time (besides psychiatric meds that help brain wash people further). This is complete and utter madness!Government and corporations want to have full and utter complete control over your mind and body!",1684944276.0
47,Epic compilation of Covid19/vaccine lies.,249,13qgedg,https://www.youtube.com/watch?v=wL6MId9_T88,74,,1684919622.0
48,Do a lot of flat earthers exist or is it a story created to discredit more viable conspiracies?,1,13rju65,https://www.reddit.com/r/conspiracy/comments/13rju65/do_a_lot_of_flat_earthers_exist_or_is_it_a_story/,36,,1685026285.0
49,"Remember: Bush Helped bring down the twin towers and lied about weapons of mass destruction, J.P Morgan Sunk the titanic to makeway for the federal reserve, Joe Biden blew up Nord Stream and the CIA killed Kennedy. Ok are we back to reality yet?",29,13qxr65,https://www.reddit.com/r/conspiracy/comments/13qxr65/remember_bush_helped_bring_down_the_twin_towers/,27,"Bush Helped bring down the twin towers and lied about weapons of mass destruction.  
J.P Morgan Sunk the titanic to makeway for the federal reserve.   
Joe Biden blew up Nord Stream.  
The CIA killed Kennedy.  
Do we still think we are not being lied to?",1684962451.0
50,YouTube videos / Channels suggestions?,5,13r9i8d,https://www.reddit.com/r/conspiracy/comments/13r9i8d/youtube_videos_channels_suggestions/,11,Hey guys this might be a silly entree but are there any good conspiracy YouTube channels or videos that aren‚Äôt just what we‚Äôve all heard thousands of times before ?? Like DEEP things lol,1684994529.0
51,Why have I never heard about the Black Knight Satellite??,0,13rp0qk,https://www.youtube.com/watch?v=lHpMb0Np2OI,4,,1685038562.0
52,"I knew MKULTRA was bad, didn't realize it was this bad",32,13qukmz,https://www.youtube.com/watch?v=g5p43k40QoI,11,,1684955253.0
53,"Family of Portland hiker shot to death on Washington trail plans to sue sheriff‚Äôs office, alleging ‚Äòsabotage‚Äô",62,13qp2uj,https://www.oregonlive.com/crime/2023/05/family-of-portland-hiker-shot-to-death-on-washington-trail-plans-to-sue-sheriffs-office-alleging-sabotage.html?outputType=amp,10,,1684942815.0
54,Why would we not trust the companies that make vaccines?,0,13rioyk,https://www.reddit.com/r/conspiracy/comments/13rioyk/why_would_we_not_trust_the_companies_that_make/,8,"Merck settles Vioxx claims for $4.85 billion https://www.reuters.com/article/us-merck-settlement/merck-settles-vioxx-claims-for-4-85-bln-idUSWNAS178420071109

GlaxoSmithKline settles healthcare fraud case for $3 billion https://www.reuters.com/article/us-glaxo-settlement-idUSBRE8610S720120702

https://m.youtube.com/watch?v=5CfLDXpC324&feature=youtu.be&utm_source=share&utm_medium=ios_app
---WHO compromised by Pharma


Merck accused of stonewalling in mumps vaccine antitrust lawsuit https://www.reuters.com/article/health-vaccine-idUSL1N0YQ0W820150604

How authorities say drugmaker paid off doctors, lied to insurance companies to push potentially lethal fentanyl-based drug https://abcnews.go.com/Business/authorities-drugmaker-paid-off-doctors-lied-insurance-companies/story?id=61488372

Pfizer to pay $2.3 billion, agrees to criminal plea https://www.reuters.com/article/us-pfizer-settlement-sb-idUSTRE5813XB20090903

African babies that got vaccines at 3-5 months old had a 500% increase in mortality.
https://www.thelancet.com/journals/ebiom/article/PIIS2352-3964(17)30046-4/fulltext

‚ÄúIn the Army I was expected to protect people at all costs,‚Äù Kopchinski said in a statement. ‚ÄúAt Pfizer I was expected to increase profits at all costs, even when sales meant endangering lives.‚Äù https://www.reuters.com/article/us-pfizer-whistleblower-idUSN021592920090903

Teva settles multibillion-dollar drug kickback case ahead of trial https://www.reuters.com/article/health-teva/teva-settles-multibillion-dollar-drug-kickback-case-ahead-of-trial-idUSL2N25B1NZ

Abbott to pay $1.6 billion for Depakote marketing https://www.reuters.com/article/us-abbott-settlement-idUSBRE8460UK20120507

Eli Lilly to pay $1.42 bln to resolve Zyprexa probes https://www.reuters.com/article/elililly-idUSBNG34185720090115

Cancer drug probe nets $875 million settlement https://www.chicagotribune.com/news/ct-xpm-2001-10-04-0110040343-story.html

Court approves Amgen's $762 million payment in drug case https://www.reuters.com/article/us-amgen-plea-marketing-idUSBRE8BI1BT20121219

Glaxo to pay $750 million in adulterated drugs case https://www.reuters.com/article/us-glaxosmithkline-settlement/glaxo-to-pay-750-million-in-adulterated-drugs-case-idUSTRE69P4GH20101027

Allergan signs $750 million settlement with purchasers of Alzheimer's drug Namenda https://www.reuters.com/article/us-allergan-namenda-settlement/allergan-signs-750-million-settlement-with-purchasers-of-alzheimers-drug-namenda-idUSKBN1YS1C4

AIDS drug maker settles kickback charges for $704 million http://www.nbcnews.com/id/9728522/ns/business-corporate_scandals/t/aids-drug-maker-settles-kickback-charges/

Merck to pay $688 million to settle Enhance lawsuits https://www.reuters.com/article/us-merck-settlements-idUSBRE91D0R520130214

Drug Giant AstraZeneca to Pay $520 Million to Settle Fraud Case https://abcnews.go.com/Politics/Health/astrazeneca-pay-520-million-illegally-marketing-seroquel-schizophrenia/story?id=10488647

California lawsuit accuses Bristol-Myers Squibb of fraud, kickbacks https://www.latimes.com/health/la-xpm-2011-mar-19-la-fi-drug-kickbacks-20110319-story.html

Pfizer in $486 million settlement of Celebrex, Bextra litigation https://www.reuters.com/article/us-pfizer-lawsuit-idUSKCN10D1D8

Ex-pharma CEO pleads guilty to kickbacks to doctors for opioid prescriptions https://www.bostonherald.com/2019/01/09/ex-pharma-ceo-pleads-guilty-to-kickbacks-to-doctors-for-opioid-prescriptions/

Merck Created Hit List to ""Destroy,"" ""Neutralize"" or ""Discredit"" Dissenting Doctors https://www.cbsnews.com/news/merck-created-hit-list-to-destroy-neutralize-or-discredit-dissenting-doctors/

New Merck Allegations: A Fake Journal; Ghostwritten Studies; Vioxx Pop Songs; PR Execs Harass Reporters https://www.cbsnews.com/news/new-merck-allegations-a-fake-journal-ghostwritten-studies-vioxx-pop-songs-pr-execs-harass-reporters/

U.S. sues Novartis, alleging kickbacks to pharmacies https://www.reuters.com/article/us-novartis-fraud-lawsuit-idUSBRE93M1C920130424

Baxter admits flu product contained live bird flu virus https://www.ctvnews.ca/mobile/baxter-admits-flu-product-contained-live-bird-flu-virus-1.374503

Is Merck's Singulair Patent a Fraud? Suit Lays Out Timeline of Omissions https://www.cbsnews.com/news/is-mercks-singulair-patent-a-fraud-suit-lays-out-timeline-of-omissions/ ‚ÄúMerck deliberately engaged in inequitable and fraudulent conduct in its statements and submissions to the PTO.‚Äù

Pfizer settles foreign bribery case with U.S. government https://www.reuters.com/article/us-pfizer-settlement-idUSBRE8760WM20120807

Iraq war victims allege pharmaceutical companies' bribery led to U.S. troop deaths https://www.usatoday.com/story/news/2017/10/17/iraq-war-victims-allege-pharmaceutical-companies-bribery-led-u-s-troop-deaths/771290001/

U.S. court upholds dismissal of $200 million Merck verdict against Gilead https://www.reuters.com/article/us-merck-gilead-ruling/us-court-upholds-dismissal-of-200-million-merck-verdict-against-gilead-idUSKBN1HW24U ‚ÄúThe U.S. Court of Appeals for the Federal Circuit upheld a June 2016 ruling that the two Merck patents, which cover methods of treating Hepatitis C, were unenforceable because of a pattern of misconduct by the company, including lying under oath by one of its in-house lawyers.‚Äù",1685023448.0
55,The next President may already be a war criminal,26,13qwv9t,https://i.redd.it/psa4ay97sv1b1.jpg,64,,1684960412.0
56,The Rockefeller Foundation partners with the WHO to coordinate future pandemics and climate change. Trust level: zero.,138,13qikrx,https://twitter.com/RockefellerFdn/status/1660998267704934400,12,,1684926954.0
57,Madeleine McCann: Police digging near reservoir,4,13r9pdt,https://www.bbc.com/news/uk-65680151,8,,1684995218.0
58,Shadow Beings - what could they be ?,0,13rmc2a,https://youtube.com/watch?v=N6yU6qsHyAo&feature=share,5,,1685032229.0
59,Does the Adam and Eve Theory hold any merit? Can the Earth's rotation actually flip?,0,13roy07,https://www.youtube.com/watch?v=vgfRzw65dN8,6,,1685038385.0
60,"SB 4488, Senators have been invited to spend Memorial Weekend in the DUMBS.",8,13r4dfz,https://youtu.be/Sa4nqbawvwo,13,,1684978798.0
61,"[Meta] Woke is defined as ""the belief there are systemic injustices in American society and the need to address them."" Look at this sub- nearly every single post is ""woke.""",0,13rkrb2,https://www.reddit.com/r/conspiracy/comments/13rkrb2/meta_woke_is_defined_as_the_belief_there_are/,13,"By any measure, this sub is clearly perpetuating the ""woke mind virus."" Systemic injustice after systemic injustice. 

Those who listen become infected by the virus. 

The contagion must be stopped.

If necessary, this sub must be shut down to prevent the spread of this wrong-thought.",1685028500.0
62,Ted Cruz and Roger Wicker are actively helping the DOD cover up their crimes.,29,13qrozm,https://i.redd.it/09xut8yfct1b1.png,22,,1684948853.0
63,"This Fictional Video is very close the Real Hidden Truth: Star Trek exposes the soul trap. Janeway has a near death experience, Archon pretends to be her father and convince her to follow into it's Matrix (The Light). Believer or Skeptic; This Horrible Scam is happening to All Deceased Humans...",6,13r2yrz,https://www.youtube.com/watch?v=v79lVNKthCw&embeds_referring_euri=https%3A%2F%2Fwww.redditmedia.com%2F&source_ve_path=Mjg2NjY&feature=emb_logo,15,,1684974904.0
64,‚ÄúNazi‚Äù crashes empty Uhaul truck into the White House gates at low speed.,3954,13pot8h,https://i.redd.it/c297z9ralm1b1.jpg,1603,,1684849065.0
65,Rockefeller Global Policy with WHO,22,13qpg2x,https://www.rockefellerfoundation.org/pandemicpreventioninitiative/global-policy/,3,"‚Äúthe next pandemic‚Äù keeps being hinted at by many. not even for a ‚Äúpotential‚Äù pandemic, it‚Äôs stated as if there‚Äôs one on the way. Even the WHO director just made a claim about a worse pandemic.

H5N1 is spreading, and in brazil there‚Äôs a mystery flu that put 160 children in the hospital killing 6 children. brazil just happens to be one of the most effected countries with H5N1. This was apart of the same GOF study done under Faucis surveillance.",1684943677.0
66,"According to the recent Congress stablecoin hearing, the US has realized the threat of the ‚ÄúDigital Yuan‚Äù from Communist China. The CCP is not only trying to take over the US dollar but also eliminate the US from the map. Miles Guo, who alerted the world about the danger of the CCP Digital Yuan,",21,13qqpf6,https://www.reddit.com/r/conspiracy/comments/13qqpf6/according_to_the_recent_congress_stablecoin/,17,,1684946598.0
67,New York Governor Plans to House Hundreds of Illegal Immigrants on SUNY College Campuses,0,13rcf3c,https://i.redd.it/uvtmf806hz1b1.png,6,,1685005097.0
68,"Europe residents, which countries are most resisting to European Union bureaucrats?",0,13rbvum,https://www.reddit.com/r/conspiracy/comments/13rbvum/europe_residents_which_countries_are_most/,25,"I am French and to me it is pretty clear, that France is head on with the WEF's objectives. People are on the streets and satisfaction is low.

I am looking for an exit door so I can fuck out the hellhole that's expected to take place in the European Union members very soon.

I actually will be moving to Austria for a new job. Now, I remember Austria had one of the most awful policies regarding covid vaccines back in 2021 and 2022, but I have heard recently, the Austrian government did not support all the economic sanctions made to Russia. A possible wake-up call?

I also have heard things about Hungary and Romania, namely, Hungary doesn't partake in any ""woke"" brainwashing, and Romania's prime minister frequently pushes against the lies of Ursula von der Leyen. I am glad I will be close to these 2 countries.

Learning German is of course my top priority because there's no way I mingle with a French business again. But now I wonder whether, after completing German, it will be more relevant to take on the Hungarian or the Romanian language , or to straight up shoot for something else, like a language spoken in the BRICS.

If you are from EU or USA and moved to another country to escape the shady zeitgeist we have to deal with, how is it there?",1685003169.0
69,Ozempic/Monjauro,1,13r7vjd,https://www.reddit.com/r/conspiracy/comments/13r7vjd/ozempicmonjauro/,26,"Anyone else notice the MASSIVE increase in advertisements & conversation around these weight loss injections? Apparently they also curb cravings of alcohol/smoking. Who wouldn‚Äôt WANT to take it?!

‚ÄúInstead of mandating a vaccine, lets create another ‚Äúinjection‚Äù that people want to take!‚Äù ü§°

Personally, I do not trust any kind of injection into my body - especially one EVERY week. Lose weight the proper way. Eat right & excercise. Don‚Äôt take the easy way out on this.

Does anyone else feel this way??",1684989038.0
70,US propaganda machine finally revealed.,0,13rl2od,https://www.reddit.com/r/conspiracy/comments/13rl2od/us_propaganda_machine_finally_revealed/,10,"[https://threadreaderapp.com/thread/1661361562580287489.html](https://threadreaderapp.com/thread/1661361562580287489.html)

In the last few years many of us has been trolled by bots, trolls, uneducated individuals and groups, the far left, young dumb liberals and influencers on how alot of this ""fact checking"" was not a western propaganda. The 5GW at full swing with weaponizing news has not been revealed. This is to those who tried hard by labelling us ""Russians"" or ""anti-vaxxers"". The western propaganda machine is in full swing and it is more widespread than CCP and Russia combined.

This is just the tip of the iceberg. With Big pharma paying media for advertisements any downplay any truth on side affects to get people vaccinated with a weaponized mrna, and with Bill Gates and Soros with Facebook personally ""donating"" millions to various MSM groups, this is all a game. We are caught in it.",1685029265.0
71,Working from home is a threat to 'our' growth engine,4,13r2z8y,https://www.telegraph.co.uk/business/2023/05/24/sadiq-khan-lower-tube-fares-working-from-home-staff/,12,,1684974938.0
72,Does this company secretly run the world?,128,13qcn2l,https://youtu.be/-ZJX1vKYx44,51,This company called black rock holds stock in almost every part media and other important things that make the world go round what do you think? Is there a reason we dont hear much about this company?,1684906785.0
73,Mandela Effect - Tina Turner,0,13rbj37,https://www.reddit.com/r/conspiracy/comments/13rbj37/mandela_effect_tina_turner/,13,Didn't she die several years ago - or is it just me on a different timeline?!,1685001856.0
74,Ammonium nitrate,0,13rikoe,https://www.reddit.com/r/conspiracy/comments/13rikoe/ammonium_nitrate/,15,Don‚Äôt forget I went missing,1685023180.0
75,Random thought about the establishment,0,13riex0,https://www.reddit.com/r/conspiracy/comments/13riex0/random_thought_about_the_establishment/,4,"The current presidents party doesn‚Äôt become establishment until their 2nd term. Bush ran the show for 8, Obama ran the show for 8, I think a massive change in our politics would have happened if Trump won‚Äînot saying that‚Äôs good or bad. 

That same ‚Äúorganization‚Äù from Bush and Obama is running the show under Biden. 

Whoever wins next, it will still be chaos.

‚Ä¶ but I‚Äôm obviously praying for my man RFK Jr.

Im a conspiracy theorist bro! Obvs im rooting for Kennedy!",1685022777.0
76,‚ÄúBoys who received the hepatitis B vaccine during the first month of life had 2.94 greater odds for Autism Spectrum Disorder‚Äù,535,13q1xy8,https://pubmed.ncbi.nlm.nih.gov/21058170/,191,,1684878538.0
77,Ken Paxton and the Republican Party created a smear campaign to avoid legislative probe.,14,13qsx8t,https://www.reddit.com/r/conspiracy/comments/13qsx8t/ken_paxton_and_the_republican_party_created_a/,5,"https://www.texastribune.org/2023/05/23/dade-phelan-ken-paxton-resign-intoxication/

Ken Paxton is currently being investigated for misconduct and the entire Republican Party reacted by creating a smear campaign using footage of Dade Phelan from a legislative session that went for 14 hours and past 1 AM. 

I do not support Dade Phelan, and he may have been drunk, but he has yet to comment on the accusation. This came about when Ken Paxton accused him of being drunk, then a video was conveniently released by certain media outlets to substantiate the claim within hours of making the claim. The entirety of America and Texas are being duped to cover up in fighting in the Republican Party, mainly those who represent the old value of the conservatives with compromise and understanding, and those who wish for a fascist regime. There is evidence to this because Dade Phelan appointed Democratic leaders to committees, shot down bills aimed to create legal election fraud, and to silence the investigation in Ken Paxton.

I am not a Republican nor am I a conservative, though Dade Phelan most certainly seems drunk even if the claim is true, that doesn‚Äôt detract from the truth that this is a smear campaign. I have nothing to gain in this post and is my first post to this community but this seemed like the best place to be heard in comparison to other sub reddits that may not want to cut from the current narrative being pushed.

Thank you for listening.",1684951565.0
78,Why is it that all the countries that aren't aligned with the US are run by crazy lunatics?,95,13qdg0h,https://www.reddit.com/r/conspiracy/comments/13qdg0h/why_is_it_that_all_the_countries_that_arent/,163,"I just noticed that. Like obviously it's because the US is the good guys right? It couldn't be propaganda? Is that even a thing in the West?


Just and edit to adrss those still coming here; obviously the US uses propaganda and not every enemy of the state is as bad as they make look. I made this post because I wanted to have a laugh at the people who unironically agree with this point.",1684909379.0
79,"Can you name some conspiracies that you once believed were true, but have since realized were wrong or dumb. Or not even the entire conspiracy, maybe just aspects.",0,13raj1k,https://www.reddit.com/r/conspiracy/comments/13raj1k/can_you_name_some_conspiracies_that_you_once/,53,"C'mon guys, own up to some dumb conspiracies you once believed in; or aspects of a conspiracy. Like that no planes hit the twin towers haha.",1684998157.0
80,"We need to start going after the real Pedos. Sex Abuse in Catholic Church: Over 1,900 Minors Abused in Illinois alone",593,13pzkwn,https://www.nytimes.com/2023/05/23/us/illinois-catholic-church-sex-abuse.html,358,,1684873347.0
81,Tipu Sultan's Sword Makes ¬£14 Million at Bonhams,0,13rmlqh,https://www.reddit.com/r/conspiracy/comments/13rmlqh/tipu_sultans_sword_makes_14_million_at_bonhams/,4,"The blade, which is inscribed 'The Sword of the Ruler' is particularly fine. It was manufactured by Mughal swordsmiths following the model of German blades introduced to India in the 16th century. The hilt is inlaid in exquisitely executed gold calligraphy with five of the qualities of God and two invocations calling on God by name.",1685032858.0
82,"In the revelations of 1849, we got rid of the ruling classes. How did they return, & could we do it again?",4,13qzdow,https://www.reddit.com/r/conspiracy/comments/13qzdow/in_the_revelations_of_1849_we_got_rid_of_the/,5,"Revolutions of 1848, series of republican revolts against European monarchies, beginning in Sicily and spreading to France, Germany, Italy, and the Austrian Empire. They all ended in failure and repression and were followed by widespread disillusionment among liberals.",1684966089.0
83,"SAS and other British special forces have been involved in covert operations in 19 countries in the past dozen years, including in Nigeria, the Philippines and Russia, as well as in Syria, Ukraine and most recently Sudan, a study reveals.",124,13qatlv,https://www.theguardian.com/uk-news/2023/may/23/uk-special-forces-have-operated-secretly-in-19-countries-since-2011,21,,1684902055.0
84,Race is only important when the media wants to push White vs Black Narrative. But a Indian White Supremest Nazi? Sorry that‚Äôs not part of the Script.,197,13q7pj2,https://i.redd.it/7otuhetf8q1b1.jpg,148,,1684893167.0
85,"problem with ordinary people today is not about ""not knowing"", but numb and inactive",54,13qfx4e,https://www.reddit.com/r/conspiracy/comments/13qfx4e/problem_with_ordinary_people_today_is_not_about/,23,"all the conspiracies, no matter confirmed or debunked, are all flying on the internet, and many people already are aware of gov invading other contries with tax money, using hitman clapse other govs, spread toxic chem or vac in the past, illegally surveil on citizen, corruption, police brutality, inside trade etc. 

the list goes on and on, problem is people today are so numb to these wrong doing that more seems to be OK with them. In the past people actually do stuff fiercely to tear down the situation, like french revolution, religious reformation war, people are so tamed by entertainment today",1684917933.0
86,The 2001 Anthrax attacks‚Äîa persistently mysterious chapter in US history‚Äîsparked the bioterrorism initiatives & gain-of-function research that may have ultimately led to COVID.,8,13qt03f,https://twitter.com/SystemUpdate_/status/1661430349916766218?s=20,5,,1684951749.0
87,Matt Gaetz admits to holding negotiations ‚Äúhostage‚Äù in the face of a default.,16,13qn5f2,https://i.redd.it/xg723i89yt1b1.jpg,88,,1684938171.0
88,"I heard a rumor that there is a plot to nuke Edmonton, Alberta to attack the Shirtless Rollerblading Guitar Guy this year! And that it is being done by radical Christians that view him as a threat and do not want people to know that he is the target! Has anyone else come across this rumor?",0,13rnmpe,https://www.reddit.com/r/conspiracy/comments/13rnmpe/i_heard_a_rumor_that_there_is_a_plot_to_nuke/,9,"I know that this seems like just a big rumor, especially since this person has been under attack over the past number of years, but...

All throughout history people using the Christian faith have done extremely horrible things to get their way, so this does not actually seem so far fetched to me!

There is a predicted nuclear blast supposedly supposed to take place this year and it was stated that this event is that blast!

But I don't know!",1685035268.0
89,I Was Bullied Online By A White Fake Afro-Latina Agent Provocateur,0,13rmwap,https://www.youtube.com/watch?v=tGmCVmIxtAs,2,,1685033553.0
90,Wef/WHo Global Supremacists (Globalists) declare the 'White' variety an International Felony?!,0,13rlwq6,https://youtu.be/sC_GRj_LVnQ,3,,1685031216.0
91,Thoughts that may serve you along your path to Truth,0,13r7yhx,https://www.reddit.com/r/conspiracy/comments/13r7yhx/thoughts_that_may_serve_you_along_your_path_to/,2,"The reason you read and study and listen to all of these great holy people, the saints and yogis, the gurus and prophets, is not to become convinced of the worldview they're selling, not to buy their dogma, but to reap the rewards of many dedicated people's search into and for what really counts.

You may not, and truth be told *should* not look to the great monuments of philosophy and religion to try and make yourself agree with them because they are sacred or hoary with age and the dust of millennia, but to cut to the chase on all of the different mental tracks dealing with the meat of the problem of life that, were *you* to go sit in a cave or among the bones of dead monks for years on end, you would inevitably come up against.
An unintuitive corollary to the fact that we each of us have a unique and slightly different path to wholeness is that while the answers will be invariably variable, the questions are seemingly consistent. Consistent across time, space, and souls, for we all are brothers in chains under the weight of human suffering and yearning for what we don't have.",1684989309.0
92,Yes bc Langley wouldn‚Äôt have guarded gates and inspections‚Ä¶,0,13rk0xq,https://www.reddit.com/r/conspiracy/comments/13rk0xq/yes_bc_langley_wouldnt_have_guarded_gates_and/,12,https://www.cnn.com/2023/05/24/us/mclean-preschool-trespasser-ak47-cia/index.html,1685026758.0
93,"The next pandemic ‚Äòeven deadlier‚Äô than COVID is coming, warns WHO",13,13qm9fu,https://forum.demed.com/COVID/posts/Odd7hCiMGeOKyXow49jo,20,,1684936128.0
94,A thought I had about our ability to escape 'the matrix' in relation to cell phones...,0,13ri5f0,https://www.reddit.com/r/conspiracy/comments/13ri5f0/a_thought_i_had_about_our_ability_to_escape_the/,11,"As we saw in the movie The Matrix, while inside the simulation the only way to leave or disconnect was to receive a phone call from the real world via landline telephone call.  

If we are living in a similarly formatted simulation, it could be possible that our culture is being driven toward cell phones and the retirement of landlines not just due to the natural progression of technology, but because whomever or whatever controls our existence wishes us to give up our only way out.",1685022120.0
95,Why don‚Äôt nurses dance on Tik tok anymore,0,13rm9gi,https://www.reddit.com/r/conspiracy/comments/13rm9gi/why_dont_nurses_dance_on_tik_tok_anymore/,27,Could it be that the hospitals were empty during covid,1685032058.0
96,Democrats continue to defend Saint George Floyd and the fiery but mostly peaceful riots that took place in his honor. Democrats will always defend criminals over the law abiding citizens. Floyd pistol whipped a pregnant woman for fucks sake.,0,13rohj0,https://i.redd.it/3uqnxr00522b1.jpg,56,,1685037295.0
97,"CIA could destroy all terrorists in a day. Instead they fund them. They helped mujahideen against USSR and created al-Qaeda and Taliban. Now they are doing it in Ukraine. Freedom of Russia legion, Belgorod Peoples Republic (CIA puppets) soon to become new terrorist groups waging war against Europe",0,13rk5ll,https://i.redd.it/ed37wr7xsz1b1.png,4,,1685027044.0
98,"Which One Of These Three Phenomena Is Most Important To You: Bigfoot, UFOs Or Ghosts?",0,13rj1y8,https://youtube.com/live/HNkEwiuXzfo,10,,1685024342.0
99,Footage of pentagon,23,13qgom9,https://www.reddit.com/r/conspiracy/comments/13qgom9/footage_of_pentagon/,23,"footage that i have not seen before, couldn't find it on reddit either. 

[https://odysee.com/@p5yl0:6/9.11-Pentagon:d](https://odysee.com/@p5yl0:6/9.11-Pentagon:d)",1684920622.0
