,prompt,tokens,response
0,"['fraud', 'world', 'supreme']",224,"There is a conspiracy theory that suggests a massive fraud is being perpetrated on the world by the Supreme Council. According to this theory, the Supreme Council is secretly controlling the world's governments and economies to benefit their own interests. They have infiltrated every major institution and are manipulating events to maintain their power and influence. The theory suggests that the Supreme Council is behind many of the world's major conflicts and crises, including wars, economic collapses, and natural disasters. They are also believed to be behind the rise of authoritarian regimes and the erosion of democratic institutions. While there is no concrete evidence to support this theory, many people believe that the Supreme Council is a shadowy organization that is working to control the world for their own benefit."
1,"['force', 'source', 'holes']",205,"There is a conspiracy theory that suggests that there is a secret force that is manipulating the source of our reality. This force is said to be using a network of hidden holes to control our thoughts and actions. The theory goes that these holes are strategically placed in key locations around the world, and are used to transmit subliminal messages to our brains. Some even believe that these holes are portals to other dimensions, and that the force is using them to bring in otherworldly beings to our world. While there is no concrete evidence to support this theory, many people believe that it is only a matter of time before the truth is revealed."
2,"['act', 'holes', 'like']",212,"Have you ever noticed how some people seem to act like they know something we don't? It's almost as if they have secret knowledge that they're not sharing. Well, I have a theory about that. I believe that there are hidden holes of information that only a select few have access to. These people use this knowledge to their advantage, manipulating the rest of us like puppets on a string. They act like they're on our side, but really they're just using us for their own gain. It's a conspiracy that goes all the way to the top, and the only way to break free is to uncover the truth and expose the holes in their plan."
3,"['agencies', 'hole', 'spending']",198,"There is a growing conspiracy theory that government agencies are intentionally creating a massive hole in the budget through excessive spending. Some believe that this is part of a larger plan to bankrupt the country and pave the way for a new world order. The agencies involved are said to be using their vast resources to manipulate the economy and control the political landscape. The hole in the budget is seen as a deliberate attempt to weaken the country's financial stability and create chaos. While some dismiss this theory as far-fetched, others point to the increasing evidence of government waste and corruption as proof that something sinister is at play."
4,"['harm', 'law', 'people']",217,"There is a sinister plot afoot, one that threatens the very fabric of our society. The government, in cahoots with powerful corporations, has enacted a law that will cause great harm to the people. Under the guise of protecting public health, this law will allow for the widespread use of a dangerous chemical in our food and water supply. The true motive behind this law is not to protect us, but to control us. The chemical will have a mind-altering effect, making us more docile and compliant. Those in power will be able to manipulate us more easily, ensuring their continued dominance. It's up to us to resist this insidious plan and fight for our freedom."
5,"['agencies', 'measles', 'job']",214,"There is a growing conspiracy theory that certain government agencies are intentionally spreading the measles virus as a way to create job security for themselves. The theory goes that these agencies have a vested interest in keeping the public in a constant state of fear, and what better way to do that than by spreading a highly contagious disease? By doing so, they can justify their own existence and secure funding for years to come. Some even believe that these agencies are working in cahoots with the pharmaceutical industry, which stands to profit greatly from the widespread use of vaccines. While there is no concrete evidence to support these claims, many people remain suspicious of the motives behind the recent measles outbreaks."
6,"['window', 'act', 'landlines']",222,"Have you ever noticed how landlines are becoming less and less common? It's all part of a sinister plan by the government. They want to control our communication and monitor our every move. And the key to this plan is the window. You see, the government has developed a technology that can track our movements through the windows of our homes. But they need to eliminate landlines so that we're forced to use cell phones, which are much easier to track. The government is using the guise of the ""Digital Age"" to push this agenda forward, passing laws like the Patriot Act to give them more power. It's all a part of their plan to control us, one window and phone call at a time."
7,"['just', 'climate', 'holes']",199,"Just when we thought climate change was the biggest threat to our planet, a new conspiracy theory has emerged. Some believe that the government is intentionally creating holes in the ozone layer to manipulate the climate. The theory suggests that powerful individuals and organizations are using advanced technology to drill holes in the atmosphere, allowing harmful rays to enter and wreak havoc on our planet. Supporters of the theory point to the sudden appearance of large holes in the ozone layer in recent years as evidence of this sinister plot. While many scientists dismiss this theory as baseless, others warn that we must remain vigilant and investigate any potential threats to our environment."
8,"['london', 'country', 'pentagon']",205,"There is a sinister plot that connects London, the country, and the Pentagon. According to a secret source, the Pentagon has been secretly funding a group of politicians in London to push for policies that benefit the US government. This group has been working behind the scenes to influence decisions that affect the country's economy and security. The ultimate goal is to gain control over the country's resources and weaken its position in the global arena. The Pentagon has been providing them with advanced technology and weapons to ensure their success. The conspiracy theorists believe that this is just the tip of the iceberg and that there are many more secrets waiting to be uncovered."
9,"['toads', 'progression', 'injection']",215,"There's a conspiracy theory that the government has been secretly injecting toads with a mysterious substance that accelerates their progression. The toads, in turn, are being released into the wild, where they are reproducing at an alarming rate. The theory suggests that the government is using these toads as a means of population control, as they are known to eat insects that are harmful to crops. However, some believe that the injection is actually a mind-altering substance that is being used to control the population. The government denies any involvement, but the toad population continues to grow, and many are starting to wonder if there is more to this story than meets the eye."
